Keyword,Volume,Organic traffic,Paid traffic,Average position,Locations,Top location,Top location code,Top location's volume,Top location's traffic
1 million robux devex,30,4,0,3.00,1,United States,US,30,4
1 million robux to usd devex,80,10,0,1.00,1,United States,US,80,10
15 000 robux to usd,30,1,0,2.00,1,United States,US,30,1
200k robux in usd,30,1,0,1.00,1,United States,US,30,1
200k robux to usd,300,12,0,1.00,1,United States,US,300,12
20k robux to usd,300,0,0,1.00,1,United States,US,300,0
3000 robux to cad,50,0,0,1.00,1,Canada,CA,50,0
30000 robux to usd,300,0,0,1.00,1,United States,US,300,0
3k robux to dollars,0,0,0,1.00,1,United States,US,0,0
500k robux to usd,350,0,0,1.00,1,United States,US,350,0
7 million robux to usd,70,0,0,1.00,1,United States,US,70,0
70k robux,20,0,0,3.00,1,United States,US,20,0
80k robux,10,0,0,1.00,1,United States,US,10,0
9 000 robux to usd,10,0,0,2.00,1,United States,US,10,0
cash out robux,20,0,0,3.00,1,United States,US,20,0
dev ex calc,200,30,0,2.00,1,United States,US,200,30
dev ex calculator,130,18,0,2.00,3,United States,US,80,12
dev ex rate,70,10,0,3.00,1,United States,US,70,10
dev ex rates,50,7,0,2.50,2,United Kingdom,GB,40,5
dev ex to usd,30,5,0,2.00,1,United States,US,30,5
dev exchange,10,1,0,3.00,1,Canada,CA,10,1
dev exchange roblox,20,2,0,3.00,1,United Kingdom,GB,20,2
dev exchange roblox rates,0,0,0,3.00,1,United States,US,0,0
dev x calculator,100,25,0,2.00,1,United States,US,100,25
dev x rates,20,2,0,2.00,1,United States,US,20,2
developer exchange roblox,70,4,0,2.00,1,United States,US,70,4
developer exchange roblox calculator,10,2,0,2.00,1,United States,US,10,2
developer exchange roblox rates,0,0,0,2.00,1,United States,US,0,0
devex calc,200,30,0,2.00,1,United States,US,200,30
devex calculator,6440,907,0,2.06,16,Canada,CA,1200,172
devex calculator roblox,150,21,0,2.00,1,United States,US,150,21
devex conversion,30,4,0,2.00,1,United States,US,30,4
devex conversion rates,0,0,0,3.00,1,United States,US,0,0
devex converter,180,29,0,2.00,3,United States,US,150,26
devex prices,10,2,0,2.00,1,United States,US,10,2
devex rate,90,13,0,2.50,2,United Kingdom,GB,70,10
devex rates,1110,161,0,2.00,7,United States,US,700,104
devex rates roblox,60,7,0,3.00,1,United States,US,60,7
devex roblox,600,26,0,2.67,3,Brazil,BR,400,12
devex roblox calculator,80,11,0,2.00,1,United States,US,80,11
devex roblox converter,20,4,0,2.00,1,Brazil,BR,20,4
devex roblox to usd,20,2,0,3.00,1,United States,US,20,2
devex robux,10,1,0,3.00,1,Netherlands,NL,10,1
devex robux to usd,100,11,0,3.00,1,United States,US,100,11
devex to usd,210,35,0,2.00,2,United States,US,200,33
devx rates,20,3,0,2.00,1,United States,US,20,3
how much is 1 million robux in devex,20,3,0,2.00,1,United States,US,20,3
how much is 18 million robux in dollars,80,0,0,1.00,1,United States,US,80,0
how much is 25000 robux,40,0,0,1.00,1,United States,US,40,0
how much is 30000 robux in real money,0,0,0,1.00,1,United States,US,0,0
how much is 5 million robux in usd,350,0,0,1.00,1,United States,US,350,0
how much is 6k robux in dollars,50,0,0,1.00,1,United States,US,50,0
how much money is 10 million robux,150,0,0,1.00,1,United States,US,150,0
how much money is 25k robux,30,0,0,1.00,1,United States,US,30,0
how much money is 48000 robux,10,0,0,1.00,1,United States,US,10,0
how much money is 8k robux,30,0,0,1.00,1,United States,US,30,0
money to robux ratio,0,0,0,2.00,1,United States,US,0,0
rbx tax,40,1,0,1.00,1,United States,US,40,1
rbxtax,40,2,0,1.00,1,United States,US,40,2
roblox dev ex calculator,20,4,0,2.00,1,United States,US,20,4
roblox dev ex rate,0,0,0,1.00,1,United States,US,0,0
roblox dev exchange calculator,10,2,0,2.00,1,United States,US,10,2
roblox developer exchange,10,0,0,2.00,1,Canada,CA,10,0
roblox developer exchange calculator,0,0,0,2.00,1,United States,US,0,0
roblox developer exchange rates,10,0,0,3.00,1,United States,US,10,0
roblox devex,40,4,0,2.75,4,Turkey,TR,20,2
roblox devex calculator,580,85,0,2.20,5,United States,US,350,55
roblox devex rates calculator,10,1,0,2.00,1,United States,US,10,1
roblox robux exchange,10,0,0,2.00,1,United States,US,10,0
roblox tax,650,10,0,1.00,2,United States,US,600,9
robux developer exchange rate,20,1,0,3.00,1,United States,US,20,1
robux devex calculator,160,22,0,2.00,2,United States,US,150,20
robux devex to usd,10,1,0,3.00,1,United States,US,10,1
robux in money,10,0,0,3.00,1,United States,US,10,0
robux money conversion,0,0,0,2.00,1,United States,US,0,0
robux to devex,90,13,0,2.00,1,United States,US,90,13
robux to irl money,10,0,0,3.00,1,United States,US,10,0
robux to money exchange rate,10,0,0,1.00,1,United States,US,10,0
robux to usd,30,1,0,2.00,1,Germany,DE,30,1
robux to usd calculator devex,0,0,0,2.00,1,United States,US,0,0
robux to usd devex,90,13,0,2.00,1,United States,US,90,13
tax roblox,20,0,0,1.00,1,United States,US,20,0