Keyword,Volume,Organic traffic,Paid traffic,Average position,Locations,Top location,Top location code,Top location's volume,Top location's traffic
robux to usd,16470,3937,0,1.70,30,United States,US,14000,3365
devex calculator,6440,2301,0,1.00,16,Canada,CA,1200,425
robux calculator,4810,752,0,2.29,17,United States,US,1700,355
devex roblox,4950,443,0,2.28,32,United States,US,2000,91
devex rates,1160,417,0,1.00,10,United States,US,700,257
robux converter,1310,323,0,1.55,11,Canada,CA,200,81
robux to money converter,750,283,0,1.50,6,United States,US,600,236
robux to usd converter,390,245,0,1.40,5,United States,US,350,238
robux to usd calculator,2110,243,0,2.67,3,United States,US,2100,242
roblox devex calculator,580,213,0,1.00,5,United States,US,350,136
1 million robux to usd,1550,186,0,1.00,3,United States,US,1500,180
robux to usd conversion,450,158,0,1.00,1,United States,US,450,158
roblox dev exchange,100,138,0,1.00,1,United States,US,100,138
roblox devex,1740,106,0,2.19,27,France,FR,90,13
devex rate,260,100,0,1.00,4,United States,US,150,59
10000 robux to usd,600,89,0,3.00,1,United States,US,600,89
devex to usd,210,86,0,1.00,2,United States,US,200,81
roblox devex rates,480,85,0,1.60,5,United States,US,400,59
devex calc,200,75,0,1.00,1,United States,US,200,75
dev ex calc,200,74,0,1.00,1,United States,US,200,74
devex converter,180,72,0,1.00,3,United States,US,150,63
1000 robux to usd,700,66,0,1.00,1,United States,US,700,66
robux conversion rate,430,62,0,1.50,4,United States,US,350,51
dev x calculator,100,62,0,1.00,1,United States,US,100,62
200 robux to usd,600,55,0,1.00,1,United States,US,600,55
robux devex calculator,160,54,0,1.00,2,United States,US,150,50
30000 robux to usd,300,54,0,1.00,1,United States,US,300,54
devex calculator roblox,150,53,0,1.00,1,United States,US,150,53
devex,5620,52,0,2.83,23,Brazil,BR,1000,18
roblox to usd,370,52,0,2.67,3,United States,US,350,50
50k robux to usd,360,52,0,1.00,2,United States,US,350,51
devex robux,160,50,0,1.00,2,United States,US,150,46
200k robux to usd,300,47,0,3.00,1,United States,US,300,47
dev ex calculator,130,46,0,1.00,3,United States,US,80,30
dev ex rates,210,45,0,1.25,4,United States,US,150,21
10 million robux to usd,500,45,0,2.00,2,United States,US,500,45
1.5 million robux to usd,300,45,0,1.00,1,United States,US,300,45
30k robux to usd,350,42,0,1.00,1,United States,US,350,42
devex exchange rate,110,40,0,1.00,2,United States,US,70,27
20k robux to usd,300,37,0,1.00,1,United States,US,300,37
robux converter to usd,250,35,0,2.00,1,United States,US,250,35
dev exchange roblox,220,35,0,1.50,2,United States,US,200,28
robux money converter,90,35,0,1.00,3,United States,US,90,33
usd to robux calculator,250,35,0,2.00,1,United States,US,250,35
devex robux to usd,100,34,0,1.00,1,United States,US,100,34
300k robux to usd,300,34,0,3.00,1,United States,US,300,34
devex exchange,90,33,0,1.00,1,United States,US,90,33
robux to usd devex,90,33,0,1.00,1,United States,US,90,33
usd to robux,1040,32,0,2.67,3,United States,US,1000,31
robux to devex,90,32,0,1.00,1,United States,US,90,32
100 000 robux to usd,500,31,0,1.00,1,United States,US,500,31
1 million robux to usd devex,80,30,0,2.00,1,United States,US,80,30
5000 robux to usd,600,30,0,1.00,1,United States,US,600,30
robux devex,80,29,0,1.00,1,United States,US,80,29
3000 robux to usd,250,29,0,1.00,1,United States,US,250,29
robux to money,300,29,0,2.00,2,United States,US,300,28
robux to usd conversion rate,200,29,0,1.00,1,United States,US,200,29
how much is 10k robux in usd,300,28,0,1.00,1,United States,US,300,28
devex roblox calculator,80,28,0,1.00,1,United States,US,80,28
4000 robux to usd,300,28,0,1.00,1,United States,US,300,28
300 robux to usd,250,26,0,1.00,1,United States,US,250,26
roblox devex rate,170,25,0,2.00,2,United States,US,150,23
dev ex rate,70,25,0,1.00,1,United States,US,70,25
robux calculator to usd,150,23,0,2.00,1,United States,US,150,23
14 million robux to usd,150,23,0,3.00,1,United States,US,150,23
100000 robux to usd,200,23,0,1.00,1,United States,US,200,23
how much is 50k robux in usd,200,23,0,1.00,1,United States,US,200,23
how much is 200k robux in usd,200,22,0,3.00,1,United States,US,200,22
2k robux to usd,200,22,0,1.00,1,United States,US,200,22
dev exchange,60,21,0,1.00,2,United States,US,50,17
usd to robux converter,150,21,0,2.00,1,United States,US,150,21
how much is 500k robux in usd,250,21,0,1.00,1,United States,US,250,21
3k robux to usd,150,20,0,1.00,1,United States,US,150,20
2500 robux to usd,350,20,0,1.00,1,United States,US,350,20
20000 robux to usd,150,19,0,1.00,1,United States,US,150,19
400k robux to usd,150,19,0,1.00,1,United States,US,150,19
how much is 2 million robux in dollars,200,19,0,1.00,1,United States,US,200,19
robux conversion,110,19,0,1.67,3,United States,US,100,15
18 million robux to usd,110,18,0,1.00,2,United States,US,100,17
60k robux to usd,150,18,0,1.00,1,United States,US,150,18
roblox converter,100,18,0,1.67,3,United States,US,80,9
1 billion robux to usd,250,18,0,1.00,1,United States,US,250,18
17k robux to usd,300,17,0,1.00,1,United States,US,300,17
roblox to usd converter,100,17,0,2.00,1,United States,US,100,17
6000 robux to usd,150,17,0,1.00,1,United States,US,150,17
150k robux to usd,150,16,0,1.00,1,United States,US,150,16
8000 robux to usd,150,16,0,3.00,1,United States,US,150,16
devex rates roblox,80,16,0,1.67,3,United States,US,60,9
15000 robux to usd,150,16,0,1.00,1,United States,US,150,16
how much is 100k robux,300,16,0,1.00,1,United States,US,300,16
10m robux to usd,150,15,0,1.00,1,United States,US,150,15
developer exchange roblox,70,15,0,3.00,1,United States,US,70,15
7000 robux to usd,100,14,0,3.00,1,United States,US,100,14
31k robux to usd,200,14,0,1.00,1,United States,US,200,14
25000 robux to usd,100,13,0,1.00,1,United States,US,100,13
100k robux in usd,100,13,0,1.00,1,United States,US,100,13
convert robux to usd,90,13,0,2.00,1,United States,US,90,13
700 robux to usd,100,13,0,1.00,1,United States,US,100,13
devex exchange rates,60,13,0,1.33,3,United Kingdom,GB,20,6
robux into usd,100,13,0,3.00,1,United States,US,100,13
dev ex roblox,170,13,0,2.00,4,United States,US,150,9
1200 robux to usd,100,13,0,1.00,1,United States,US,100,13
17000 robux to usd,400,12,0,1.00,1,United States,US,400,12
robux to real money converter,60,12,0,1.33,3,United States,US,40,6
robux to usd exchange rate,80,12,0,2.00,1,United States,US,80,12
dev ex to usd,30,12,0,1.00,1,United States,US,30,12
"100,000 robux to usd",150,12,0,1.00,1,United States,US,150,12
dev x roblox,80,12,0,2.00,1,United States,US,80,12
robux to cash converter,80,12,0,2.00,1,United States,US,80,12
robux exchange,40,11,0,2.00,1,United States,US,40,11
money to robux calculator,80,11,0,2.00,1,United States,US,80,11
25k robux to usd,150,11,0,1.00,1,United States,US,150,11
dev ex,170,11,0,2.67,3,United Kingdom,GB,150,8
1 million robux in usd,90,11,0,1.00,1,United States,US,90,11
roblox money converter,30,11,0,1.00,3,United States,US,20,7
1 million robux devex,30,11,0,1.00,1,United States,US,30,11
8k robux to usd,90,10,0,1.00,1,United States,US,90,10
how much is 10m robux in usd,90,10,0,1.00,1,United States,US,90,10
"10,000 robux to usd",70,10,0,1.00,1,United States,US,70,10
devex conversion,30,10,0,1.00,1,United States,US,30,10
how much is 15k robux,80,10,0,1.00,1,United States,US,80,10
35k robux to usd,80,10,0,3.00,1,United States,US,80,10
roblox calculator,70,10,0,2.00,3,United Kingdom,GB,50,8
250 robux to usd,150,9,0,1.00,1,United States,US,150,9
dev ex robux,30,9,0,1.00,1,United States,US,30,9
40000 robux to usd,100,9,0,1.00,1,United States,US,100,9
how much money is 20k robux,100,9,0,1.00,1,United States,US,100,9
devx roblox,60,9,0,2.00,1,United States,US,60,9
"how much is 30,000 robux",80,9,0,1.00,1,United States,US,80,9
devex roblox converter,20,9,0,1.00,1,Brazil,BR,20,9
roblox dev ex calculator,20,9,0,1.00,1,United States,US,20,9
how to convert robux to usd,70,9,0,1.00,1,United States,US,70,9
how much is 3 million robux in usd,70,9,0,1.00,1,United States,US,70,9
1mil robux to usd,80,9,0,1.00,1,United States,US,80,9
90k robux to usd,70,8,0,3.00,1,United States,US,70,8
roblox robux to usd,90,8,0,2.00,1,United States,US,90,8
roblox dev ex,90,8,0,2.00,4,United Kingdom,GB,40,6
roblox robux calculator,60,8,0,2.00,1,United States,US,60,8
robux usd converter,50,8,0,2.00,1,United States,US,50,8
devex roblox to usd,20,8,0,1.00,1,United States,US,20,8
devx rates,20,8,0,1.00,1,United States,US,20,8
how much is 7000 robux,60,8,0,3.00,1,United States,US,60,8
roblox currency converter,20,7,0,1.00,3,United States,US,20,6
how much is 1 million robux in devex,20,7,0,1.00,1,United States,US,20,7
roblox devx,50,7,0,2.00,1,United States,US,50,7
200 million robux to usd,60,7,0,2.00,1,United States,US,60,7
devex program,50,7,0,3.00,1,United States,US,50,7
130k robux to usd,60,7,0,3.00,1,United States,US,60,7
1000000 robux to usd,90,7,0,1.00,1,United States,US,90,7
60000 robux to usd,50,6,0,1.00,1,United States,US,50,6
robux dev exchange,20,6,0,1.00,1,United States,US,20,6
50k robux in usd,50,6,0,1.00,1,United States,US,50,6
31000 robux to usd,150,6,0,1.00,1,United States,US,150,6
9000 robux to usd,80,6,0,1.00,1,United States,US,80,6
12000 robux to usd,60,6,0,3.00,1,United States,US,60,6
35000 robux to usd,50,6,0,3.00,1,United States,US,50,6
how much is 2000 robux in dollars,200,6,0,1.00,1,United States,US,200,6
"30,000 robux to usd",50,6,0,1.00,1,United States,US,50,6
what is the robux to usd conversion,50,6,0,3.00,1,United States,US,50,6
80000 robux to usd,60,6,0,3.00,1,United States,US,60,6
convert robux to money,40,5,0,1.67,3,United Kingdom,GB,30,4
dev x rates,20,5,0,1.00,1,United States,US,20,5
robux to usd convert,20,5,0,1.00,1,United States,US,20,5
developer exchange roblox calculator,10,5,0,1.00,1,United States,US,10,5
a million robux to usd,50,5,0,1.00,1,United States,US,50,5
400 000 robux to usd,60,5,0,3.00,1,United States,US,60,5
convert robux,40,5,0,2.00,1,United States,US,40,5
robux exchange rate,50,5,0,3.00,2,United Kingdom,GB,30,3
devex prices,10,5,0,1.00,1,United States,US,10,5
roblox to money converter,30,5,0,2.00,1,United States,US,30,5
roblox exchange rate,30,5,0,3.00,1,United States,US,30,5
75k robux to usd,40,5,0,3.00,1,United States,US,40,5
developer exchange,80,5,0,2.50,2,United States,US,70,4
how much is 7k robux,40,5,0,1.00,1,United States,US,40,5
roblox devex exchange rate,40,5,0,2.00,2,United States,US,30,4
robux conversion to usd,30,5,0,2.00,1,United States,US,30,5
14000 robux to usd,50,5,0,1.00,1,United States,US,50,5
robux convert,30,5,0,2.00,1,United States,US,30,5
robus to usd,30,4,0,2.00,1,United States,US,30,4
how much is 1500 robux in dollars,100,4,0,1.00,1,United States,US,100,4
roblox dev exchange calculator,10,4,0,1.00,1,United States,US,10,4
robux to money calculator,10,4,0,1.33,3,United Kingdom,GB,10,3
how much is 10 000 robux in usd,50,4,0,1.00,1,United States,US,50,4
how much is 300k robux,40,4,0,3.00,1,United States,US,40,4
robux to dollars converter,30,4,0,2.00,1,United States,US,30,4
300 000 robux to usd,50,4,0,1.00,1,United States,US,50,4
roblox dev ex rates,20,4,0,1.50,2,United States,US,20,3
robux to us dollars,30,4,0,3.00,1,United States,US,30,4
150000 robux to usd,30,4,0,3.00,1,United States,US,30,4
roblox dev x,30,4,0,2.00,1,United States,US,30,4
robux to dollar,90,4,0,2.00,2,United States,US,80,3
"500,000 robux to usd",30,4,0,1.00,1,United States,US,30,4
how much money is 15000 robux,50,4,0,1.00,1,United States,US,50,4
roblox dev exchange rates,30,4,0,2.00,1,United States,US,30,4
how much is 500k robux,60,4,0,1.00,1,United States,US,60,4
18 000 robux to usd,40,4,0,3.00,1,United States,US,40,4
160k robux to usd,30,4,0,1.00,1,United States,US,30,4
"200,000 robux to usd",30,4,0,1.00,1,United States,US,30,4
robux devex to usd,10,4,0,1.00,1,United States,US,10,4
18000 robux to usd,60,4,0,1.00,1,United States,US,60,4
robux money calculator,20,4,0,2.00,1,United States,US,20,4
how much is 700 robux in dollars,90,3,0,1.00,1,United States,US,90,3
how much is 20k robux in dollars,40,3,0,1.00,1,United States,US,40,3
robux currency converter,20,3,0,1.50,2,Australia,AU,10,2
"20,000 robux to usd",30,3,0,1.00,1,United States,US,30,3
calculator robux,30,3,0,3.00,1,United States,US,30,3
robux to isd,20,3,0,2.00,1,United States,US,20,3
devex roblox rates,20,3,0,2.00,2,United States,US,20,3
robux to $,20,3,0,2.00,1,United States,US,20,3
robux price calculator,30,3,0,3.00,1,United States,US,30,3
how much money is 40k robux,40,3,0,1.00,1,United States,US,40,3
how much money is 6k robux,40,3,0,1.00,1,United States,US,40,3
robux to dollars,60,3,0,2.00,1,Philippines,PH,60,3
15 000 robux to usd,30,3,0,2.00,1,United States,US,30,3
roblox to usd calculator,30,3,0,3.00,1,United States,US,30,3
visits to robux calculator,10,3,0,1.00,1,United States,US,10,3
9k robux to usd,50,3,0,1.00,1,United States,US,50,3
roblox money calculator,20,3,0,2.00,1,United States,US,20,3
how much money is 100m robux,50,3,0,1.00,1,United States,US,50,3
money to robux converter,20,3,0,2.50,2,United Kingdom,GB,10,2
1 robux to usd,30,3,0,1.00,1,Philippines,PH,30,3
20k robux in dollars,30,3,0,1.00,1,United States,US,30,3
how much is 6k robux in dollars,50,3,0,1.00,1,United States,US,50,3
roblox robux converter,20,3,0,3.00,1,United States,US,20,3
robux to dollar conversion rate,20,3,0,3.00,1,United States,US,20,3
how much is 11k robux,20,3,0,3.00,1,United States,US,20,3
roblox developer exchange rate,20,3,0,1.00,1,United States,US,20,3
money into robux,20,3,0,2.00,1,United States,US,20,3
"10,000,000 robux to usd",20,3,0,3.00,1,United States,US,20,3
150 000 robux to usd,20,3,0,3.00,1,United States,US,20,3
robux to,20,3,0,3.00,1,United States,US,20,3
how much is 3500 robux,50,2,0,1.00,1,United States,US,50,2
robux usd calculator,20,2,0,3.00,1,United States,US,20,2
how much is 80k robux,20,2,0,3.00,1,United States,US,20,2
how much money is 18k robux,20,2,0,1.00,1,United States,US,20,2
"1,000 robux to usd",20,2,0,1.00,2,United States,US,20,2
roblox to money calculator,20,2,0,2.00,1,United States,US,20,2
how much money is 300 robux,90,2,0,1.00,1,United States,US,90,2
robux developer exchange rate,20,2,0,2.00,1,United States,US,20,2
robux converter to money,20,2,0,2.00,1,United States,US,20,2
how much is 3000 robux in usd,30,2,0,1.00,1,United States,US,30,2
roblox dev exchange rate,10,2,0,3.00,1,United States,US,10,2
roblox usd calculator,10,2,0,2.00,1,United States,US,10,2
70k robux,20,2,0,3.00,1,United States,US,20,2
600m robux to usd,20,2,0,2.00,1,United States,US,20,2
100k robux to usd,20,2,0,1.00,1,Canada,CA,20,2
how much money is 12k robux,30,2,0,1.00,1,United States,US,30,2
dollars to robux calculator,10,2,0,2.00,1,United States,US,10,2
roblox robux exchange rate,10,2,0,2.00,1,United States,US,10,2
how much is 13k robux,20,2,0,3.00,1,United States,US,20,2
roblox devex rates calculator,10,2,0,1.00,1,United States,US,10,2
robux usd conversion,20,2,0,1.00,1,United States,US,20,2
3.6 billion robux to usd,20,2,0,3.00,1,United States,US,20,2
robux to dollar ratio,20,2,0,1.00,1,United States,US,20,2
rubux to usd,10,2,0,2.00,1,United States,US,10,2
how much money is 20000 robux,40,2,0,1.00,1,United States,US,40,2
roblox robux conversion rate,10,2,0,1.00,1,United States,US,10,2
robux into money converter,10,2,0,3.00,1,United States,US,10,2
robux to dollars calculator,10,2,0,2.00,1,United States,US,10,2
robux to dollar converter,10,2,0,3.00,1,United States,US,10,2
robux to real money calculator,10,1,0,2.00,1,United States,US,10,1
robux to irl money,10,1,0,2.00,1,United States,US,10,1
robux to real money conversion,10,1,0,2.00,1,United States,US,10,1
1 million robux,30,1,0,1.00,1,United Kingdom,GB,30,1
turn robux into money,20,1,0,1.00,1,United States,US,20,1
roblox to usd conversion,10,1,0,3.00,1,United States,US,10,1
robux convertor,10,1,0,3.00,1,United States,US,10,1
10000 robux to dollars,10,1,0,1.00,1,United States,US,10,1
money to robux,10,1,0,2.00,1,Canada,CA,10,1
robux to usd calculator devex,0,1,0,1.00,1,United States,US,0,1
robux to usd conversion calculator,10,1,0,2.00,1,United States,US,10,1
roblox robux exchange,10,1,0,3.00,1,United States,US,10,1
robux into dollars,10,1,0,3.00,1,United States,US,10,1
how much is 18 million robux in dollars,10,1,0,1.00,1,United Kingdom,GB,10,1
30k robux in dollars,10,1,0,1.00,1,United States,US,10,1
how much is 1 trillion robux,40,1,0,1.00,1,United States,US,40,1
robux in money,10,1,0,2.00,1,United States,US,10,1
robux to money conversion rate,10,1,0,1.00,1,United States,US,10,1
dollars to robux conversion,10,1,0,1.00,1,United States,US,10,1
devex rate roblox,10,1,0,1.00,1,United States,US,10,1
roblox developer exchange rates,10,1,0,2.00,1,United States,US,10,1
2300 robux to usd,20,1,0,1.00,1,United States,US,20,1
robux calculater,10,1,0,3.00,1,United States,US,10,1
dev exchange rate,0,1,0,2.00,1,United States,US,0,1
10 million robux in dollars,10,1,0,1.00,1,United States,US,10,1
how much money is 48000 robux,10,0,0,1.00,1,United States,US,10,0
robux devex rates,0,0,0,2.00,1,United States,US,0,0
roblox dev ex rate,0,0,0,1.00,1,United States,US,0,0
robux translator,0,0,0,2.50,2,Canada,CA,0,0
18k robux,10,0,0,1.00,1,United States,US,10,0
9 000 robux to usd,10,0,0,2.00,1,United States,US,10,0
2 million robux to usd,0,0,0,1.00,1,Canada,CA,0,0
how much is 14 million robux in real money,0,0,0,3.00,1,United States,US,0,0
convert robux to dollars,0,0,0,2.00,1,United States,US,0,0
robux to dollar calculator,0,0,0,2.00,1,United States,US,0,0
robux to usd roblox,0,0,0,2.00,1,United States,US,0,0
devexchange roblox,0,0,0,2.00,1,United States,US,0,0
roblox converter to usd,0,0,0,3.00,1,United States,US,0,0
roblox conversion rate,0,0,0,3.00,1,Canada,CA,0,0
devexchange,60,0,0,3.00,1,United States,US,60,0
sell robux to usd,0,0,0,3.00,1,United States,US,0,0
6000 robux in dollars,0,0,0,2.00,1,United States,US,0,0
robux to cash calculator,0,0,0,3.00,1,United States,US,0,0
how much is 2400 robux in usd,0,0,0,1.00,1,United States,US,0,0
how much is 20000 robux,50,0,0,1.00,1,United States,US,50,0
12k robux,30,0,0,3.00,1,United States,US,30,0
roblox currency to usd,40,0,0,1.00,1,United States,US,40,0
roblox developer exchange calculator,0,0,0,1.00,1,United States,US,0,0
robux converter to real money,0,0,0,3.00,1,United States,US,0,0
robux converted to us dollars,0,0,0,1.00,1,United States,US,0,0
devex (roblox),0,0,0,2.00,1,United States,US,0,0
how much is 6000 robux in usd,10,0,0,1.00,1,United States,US,10,0
robux money conversion,0,0,0,2.00,1,United States,US,0,0
how much does 7000 robux cost,20,0,0,1.00,1,United States,US,20,0
how much is 2.5k robux,10,0,0,1.00,1,United States,US,10,0
how much money is 200 robux,80,0,0,1.00,1,United States,US,80,0
money to robux converter usd,0,0,0,3.00,1,United States,US,0,0
how much money is 8500 robux,0,0,0,1.00,1,United States,US,0,0
17000 robux berapa rupiah,30,0,0,1.00,1,Indonesia,ID,30,0
how much is 25 robux in dollars,10,0,0,1.00,1,United States,US,10,0
17000 robux to dollars,0,0,0,1.00,1,United States,US,0,0
how many dollars is 4000 robux,20,0,0,1.00,1,United States,US,20,0
how much is 17k robux in usd,80,0,0,1.00,1,United States,US,80,0
how much is 1000 robux,1700,0,0,1.00,1,United States,US,1700,0
roblox to us dollars,0,0,0,1.00,1,United States,US,0,0
how much is 3000 robux in dollars,200,0,0,1.00,2,United States,US,200,0
1 million robux in pounds,150,0,0,1.00,1,United Kingdom,GB,150,0
roblox devex rates 2023,0,0,0,2.00,1,United States,US,0,0
developer exchange roblox rates,0,0,0,3.00,1,United States,US,0,0
dev exchange rates,0,0,0,2.00,1,United States,US,0,0
600 robux cost,0,0,0,1.00,1,United States,US,0,0
4 000 robux in dollars,0,0,0,1.00,1,United States,US,0,0
how much is 1000 robux in philippines pesos,200,0,0,1.00,1,Philippines,PH,200,0
robux to usd translator,0,0,0,3.00,1,United States,US,0,0
how much is 600 robux in dollars,200,0,0,1.00,1,United States,US,200,0
how much is 50 robux in usd,100,0,0,1.00,1,United States,US,100,0
roblox to usd exchange,0,0,0,3.00,1,United States,US,0,0
how much is 25 robux in pounds,0,0,0,1.00,1,United Kingdom,GB,0,0
2700 robux to dollars,0,0,0,1.00,1,United States,US,0,0
4000 robux in usd,20,0,0,1.00,1,United States,US,20,0
how much is 800 robux in us dollars,30,0,0,1.00,1,United States,US,30,0
20k robux to cad,20,0,0,1.00,1,Canada,CA,20,0
how much is 10000 robux,500,0,0,1.00,1,United States,US,500,0
"31,000 robux to usd",20,0,0,1.00,1,United States,US,20,0
how much is 50k robux,150,0,0,1.00,1,United States,US,150,0
how much is 6000 robux,60,0,0,1.00,1,United States,US,60,0
devex conversion rates,0,0,0,1.00,1,United States,US,0,0
how much is 50k robux in us dollars,10,0,0,1.00,1,United States,US,10,0
how much is 150 robux in dollars,150,0,0,1.00,1,United States,US,150,0
robix to usd,20,0,0,2.00,1,United States,US,20,0
roblox幣值,0,0,0,1.00,1,Taiwan,TW,0,0
roblox to dollars,40,0,0,3.00,1,United States,US,40,0
robucks to usd,40,0,0,1.00,1,United States,US,40,0
40k robux to usd,200,0,0,1.00,1,United States,US,200,0
robux dollar value,0,0,0,1.00,1,United States,US,0,0
2 million robux in pounds,50,0,0,1.00,1,United Kingdom,GB,50,0
dev exchange roblox rates,0,0,0,2.00,1,United States,US,0,0
how much does 10k robux cost,60,0,0,1.00,1,United States,US,60,0
3k robux to dollars,0,0,0,1.00,1,United States,US,0,0
1 robux to aud,50,0,0,1.00,1,Australia,AU,50,0
how much money is 50k robux,100,0,0,1.00,1,United States,US,100,0
how much is 17k robux in dollars,1110,0,0,1.00,2,United States,US,1100,0